DrawDate,DrawnNo1,DrawnNo2,DrawnNo3,DrawnNo4,DrawnNo5,DrawnNo6
20091031,17,20,24,30,49,50
20091101,01,05,18,23,50,51
20091103,05,09,13,15,48,55
20091104,09,28,36,41,47,50
20091107,17,19,24,27,33,38
20091108,17,22,30,32,38,54
20091111,02,18,25,32,37,54
20091114,06,13,21,38,41,45
20091115,01,02,32,36,45,51
20091117,06,10,31,40,44,54
20091118,11,23,32,41,45,55
20091121,12,15,18,24,27,43
20091122,03,07,23,29,38,54
20091125,04,18,28,35,43,51
20091128,06,16,25,32,34,45
20091129,06,10,15,22,28,37
20091202,02,20,32,34,50,53
20091205,23,28,30,34,37,42
20091206,16,32,35,36,37,41
20091208,03,14,37,38,40,53
20091209,08,10,23,26,30,51
20091212,01,15,20,37,45,47
20091213,07,15,26,30,42,54
20091215,05,08,27,41,48,49
20091216,29,31,41,43,51,53
20091219,07,08,20,25,42,43
20091220,11,22,32,36,42,47
20091223,11,21,23,31,34,39
20091226,35,37,41,45,49,53
20091227,10,14,20,22,23,37
20091230,05,11,18,23,31,51
20100102,10,15,22,27,30,55
20100103,07,11,14,23,37,52
20100106,12,16,22,26,40,45
20100109,18,19,21,23,27,42
20100110,04,06,09,12,30,36
20100113,21,27,30,31,37,41
20100116,05,25,27,28,43,44
20100117,04,07,17,19,40,53
20100120,11,31,32,35,37,41
20100123,23,24,33,37,46,53
20100124,10,17,23,29,42,53
20100126,01,04,05,22,30,41
20100127,13,20,25,33,45,54
20100130,10,14,19,26,42,53
20100131,04,17,28,29,31,44
20100202,01,03,11,38,41,50
20100203,09,12,21,29,35,41
20100206,05,06,19,27,47,50
20100207,18,26,35,42,52,53
20100210,16,26,29,30,45,50
20100213,01,02,11,21,27,33
20100214,05,28,31,34,38,50
20100216,05,11,23,46,47,54
20100217,24,31,42,44,45,50
20100220,14,29,30,41,44,45
20100221,09,13,17,37,42,45
20100223,11,19,22,24,32,41
20100224,02,09,21,25,31,40
20100227,07,23,24,40,47,54
20100228,14,27,28,38,41,47
20100302,01,11,32,42,43,52
20100303,07,13,21,23,34,35
20100306,11,12,29,31,36,45
20100307,03,06,24,29,44,55
20100310,25,28,34,36,40,43
20100313,01,28,42,43,44,49
20100314,01,03,04,12,15,21
20100317,04,06,07,11,14,47
20100320,25,33,34,41,43,54
20100321,07,16,38,44,49,54
20100324,13,15,16,21,36,37
20100327,04,09,37,39,45,47
20100328,02,16,22,34,37,50
20100330,02,04,28,29,33,37
20100331,08,21,23,27,28,38
20100403,09,11,26,27,45,46
20100404,03,04,08,30,31,41
20100406,06,11,12,27,34,52
20100407,06,10,38,39,43,53
20100410,03,12,22,24,39,49
20100411,03,08,09,10,23,35
20100414,10,17,27,31,39,40
20100417,11,13,15,49,52,55
20100418,18,22,32,47,48,53
20100421,04,07,09,29,31,33
20100424,04,06,08,23,39,52
20100425,02,08,13,36,49,52
20100427,13,15,18,35,46,50
20100428,02,28,30,42,45,48
20100501,13,15,20,22,38,50
20100502,10,13,29,33,38,46
20100504,08,17,20,21,32,50
20100505,05,23,27,30,49,54
20100508,12,35,36,44,52,53
20100509,03,06,26,37,40,42
20100512,16,21,35,41,43,46
20100515,01,13,22,36,39,53
20100516,20,21,23,26,29,46
20100519,04,10,11,37,42,49
20100522,19,20,35,36,40,45
20100523,03,05,10,20,21,43
20100526,06,18,27,38,50,55
20100529,08,12,35,47,48,52
20100530,05,11,15,26,43,51
20100601,02,07,11,21,25,52
20100602,07,12,19,21,27,43
20100605,13,20,34,39,42,45
20100606,07,35,39,45,46,51
20100609,09,23,26,33,34,35
20100612,06,18,24,26,45,49
20100613,09,19,20,26,27,37
20100616,16,17,21,23,45,54
20100619,05,09,18,19,29,39
20100620,04,14,25,41,45,55
20100623,14,15,43,44,48,50
20100626,01,03,32,41,51,55
20100627,03,10,16,32,33,41
20100629,07,16,18,24,45,51
20100630,03,08,13,22,40,55
20100703,04,08,31,33,40,52
20100704,21,25,27,34,50,55
20100706,09,10,28,35,54,55
20100707,02,05,07,29,33,54
20100710,01,06,07,14,22,32
20100711,04,16,17,21,47,50
20100714,14,18,25,43,54,55
20100717,03,07,08,18,49,52
20100718,02,24,25,29,38,55
20100721,01,03,13,16,20,48
20100724,10,15,21,30,32,43
20100725,01,14,21,22,35,43
20100727,01,04,25,39,43,51
20100728,03,09,20,25,26,36
20100731,18,22,42,43,45,46
20100801,10,14,20,21,38,52
20100803,01,11,12,22,43,55
20100804,04,11,13,24,27,41
20100807,10,15,17,18,39,51
20100808,01,08,23,43,51,53
20100811,10,23,36,38,40,46
20100814,02,04,15,19,34,48
20100815,06,19,23,29,37,42
20100818,11,14,19,20,25,52
20100821,07,13,15,19,22,48
20100822,02,06,14,16,18,27
20100825,12,16,28,39,40,47
20100828,22,23,27,28,38,54
20100829,03,08,18,25,27,43
20100901,04,16,33,35,37,42
20100904,02,07,21,33,47,50
20100905,01,23,31,39,43,46
20100908,07,19,20,31,35,43
20100911,09,13,21,29,40,42
20100912,03,04,07,12,29,32
20100915,19,20,34,37,48,55
20100918,08,20,30,40,49,53
20100919,02,15,34,41,46,52
20100922,13,14,22,32,38,43
20100925,10,17,26,28,42,55
20100926,07,13,26,29,48,54
20100928,04,05,10,17,38,43
20100929,22,29,34,47,48,50
20101002,01,04,08,21,29,55
20101003,01,25,31,39,44,45
20101005,17,21,27,43,46,55
20101006,02,08,22,31,48,53
20101009,15,17,37,39,48,54
20101010,18,20,22,31,34,52
20101013,01,02,14,34,41,49
20101016,01,15,21,27,29,51
20101017,08,11,28,36,38,53
20101020,01,04,05,24,37,49
20101023,22,24,26,30,37,46
20101024,02,04,21,28,53,54
20101026,04,07,28,37,42,50
20101027,01,38,39,46,49,50
20101030,02,18,22,25,46,50
20101031,04,07,21,27,45,53
20101102,01,11,15,23,35,36
20101103,17,27,31,38,47,52
20101106,01,02,24,34,38,47
20101107,07,12,16,21,50,55
20101110,04,07,09,14,23,49
20101113,03,18,24,33,44,53
20101114,08,17,29,36,44,48
20101117,13,16,28,38,39,55
20101120,09,11,22,43,47,54
20101121,04,22,28,43,48,55
20101124,34,36,44,45,48,51
20101127,01,11,14,23,47,52
20101128,19,22,23,25,31,33
20101130,05,12,15,20,21,33
20101201,11,18,23,33,39,54
20101204,03,10,11,13,27,47
20101205,04,21,23,27,35,36
20101208,09,13,27,29,32,42
20101211,03,15,22,33,42,44
20101212,07,10,21,24,26,53
20101215,10,28,30,33,34,53
20101218,20,32,38,43,50,55
20101219,03,13,15,16,18,46
20101222,15,22,34,35,36,53
20101225,03,08,16,31,44,47
20101226,18,37,41,42,43,52
20101228,01,07,18,46,47,54
20101229,08,13,17,33,45,49
20110101,06,07,32,33,42,51
20110102,10,22,29,35,51,54
20110105,08,28,36,39,44,47
20110108,03,05,27,47,51,53
20110109,15,16,24,30,46,49
20110112,08,13,31,32,38,54
20110115,09,12,20,34,44,51
20110116,11,23,39,44,48,51
20110119,11,18,19,22,33,36
20110122,06,14,19,26,32,36
20110123,04,20,36,37,42,44
20110125,02,07,10,14,36,46
20110126,01,16,35,44,51,55
20110129,02,05,13,15,28,46
20110130,27,30,32,36,39,47
20110201,05,07,14,23,46,55
20110202,05,06,08,24,27,38
20110205,25,27,29,35,51,53
20110206,02,15,19,24,30,55
20110208,04,06,18,20,31,32
20110209,02,05,11,28,31,42
20110212,13,17,36,47,53,54
20110213,02,09,22,32,45,55
20110216,08,30,39,44,49,55
20110219,01,06,16,27,33,41
20110220,02,18,23,24,27,34
20110222,20,29,36,38,47,48
20110223,01,03,18,19,39,40
20110226,07,21,28,33,42,53
20110227,17,19,32,42,44,46
20110301,08,09,22,38,43,47
20110302,05,27,29,40,51,52
20110305,07,33,45,47,48,55
20110306,14,15,23,27,34,51
20110309,11,15,20,29,47,48
20110312,02,13,15,19,27,45
20110313,34,36,42,43,52,54
20110316,04,23,25,41,52,55
20110319,14,15,29,32,46,53
20110320,03,08,17,20,25,54
20110323,06,24,25,35,42,44
20110326,13,18,26,27,35,55
20110327,04,09,10,18,43,46
20110329,09,15,27,40,52,55
20110330,04,23,34,38,39,49
20110402,02,13,24,33,39,41
20110403,09,19,22,23,27,36
20110405,04,17,21,29,35,54
20110406,01,10,15,24,35,40
20110409,04,10,25,41,50,55
20110410,10,12,18,29,38,43
20110413,03,05,16,18,45,54
20110416,15,25,27,30,34,41
20110417,09,11,19,21,23,30
20110420,02,18,29,45,47,52
20110423,29,36,37,42,44,46
20110424,04,05,10,21,35,43
20110426,02,13,22,27,39,44
20110427,01,06,37,40,46,50
20110430,07,20,30,35,48,51
20110501,04,07,12,22,31,49
20110503,09,15,22,26,31,46
20110504,04,07,08,30,37,39
20110507,01,06,09,17,19,53
20110508,11,20,27,31,32,51
20110511,05,06,10,18,44,48
20110514,07,11,14,26,27,45
20110515,01,08,22,40,46,55
20110518,23,32,33,38,45,47
20110521,06,11,17,29,46,50
20110522,07,22,45,47,49,53
20110525,07,11,20,29,51,52
20110528,03,07,16,21,37,49
20110529,17,28,33,34,44,55
20110531,01,25,26,33,38,39
20110601,18,19,39,42,46,49
20110604,07,14,18,29,40,53
20110605,14,18,29,33,48,55
20110608,02,16,17,25,40,44
20110611,11,12,13,35,36,48
20110612,03,10,22,26,29,43
20110615,07,10,11,21,33,36
20110618,08,12,17,18,22,46
20110619,08,20,34,38,40,54
20110622,09,14,18,23,41,44
20110625,08,25,37,41,47,53
20110626,11,14,22,26,27,29
20110628,08,11,14,27,33,46
20110629,13,16,30,38,41,50
20110702,03,08,09,27,46,52
20110703,03,19,20,31,33,44
20110705,12,16,23,42,50,53
20110706,09,19,23,42,51,54
20110709,05,11,15,34,39,46
20110710,01,05,09,11,24,33
20110713,02,09,30,40,47,54
20110716,05,08,24,25,38,48
20110717,01,06,18,26,29,36
20110720,11,20,31,41,46,49
20110723,04,06,23,41,44,53
20110724,05,11,18,22,28,50
20110727,04,20,37,46,50,55
20110730,09,20,33,34,43,51
20110731,22,33,37,40,45,51
20110803,17,25,34,39,40,46
20110806,14,19,35,40,44,48
20110807,07,12,22,37,53,54
20110810,04,10,14,15,22,53
20110813,02,13,16,18,19,24
20110814,06,07,29,35,44,48
20110817,02,18,36,49,51,52
20110820,03,08,09,25,27,54
20110821,05,07,09,28,36,46
20110824,04,07,18,24,51,53
20110827,06,15,27,37,42,48
20110828,02,06,16,22,24,30
20110831,07,10,15,34,41,46
20110903,06,29,31,40,48,55
20110904,16,24,27,28,30,33
20110906,04,24,41,50,52,54
20110907,07,23,26,29,33,37
20110910,07,15,31,33,35,43
20110911,01,03,13,37,43,53
20110914,02,07,14,30,42,44
20110917,02,26,27,32,38,49
20110918,09,10,39,44,49,52
20110921,08,12,23,36,41,48
20110924,03,17,39,42,45,49
20110925,14,15,22,38,41,53
20110927,05,21,29,39,51,55
20110928,05,19,28,46,47,51
20111001,09,11,26,32,35,46
20111002,08,13,22,26,40,51
20111004,01,02,04,24,41,53
20111005,07,20,21,31,44,47
20111008,04,07,20,34,47,53
20111009,04,05,28,33,40,48
20111012,04,11,26,34,35,37
20111015,08,14,15,19,30,44
20111016,29,31,32,42,48,49
20111019,08,09,22,25,52,53
20111022,07,08,17,37,52,54
20111023,08,11,31,32,33,39
20111025,09,11,30,31,50,53
20111026,10,12,15,43,44,53
20111029,01,05,14,45,46,52
20111030,18,23,29,32,40,44
20111101,04,19,26,28,30,51
20111102,01,03,06,35,40,51
20111105,04,11,12,23,33,52
20111106,04,11,14,22,27,48
20111109,08,22,42,44,48,55
20111112,03,05,26,29,52,53
20111113,14,21,24,40,46,52
20111116,09,11,15,38,43,44
20111119,16,17,27,29,34,49
20111120,19,21,30,38,39,47
20111123,03,18,22,52,53,55
20111126,02,04,31,40,45,53
20111127,04,10,18,22,31,43
20111129,02,05,11,17,38,55
20111130,09,10,12,14,31,41
20111203,15,20,33,38,41,50
20111204,07,09,24,33,49,50
20111206,15,16,20,39,52,54
20111207,14,40,44,45,47,51
20111210,09,11,29,47,51,53
20111211,02,08,14,21,37,39
20111214,13,21,22,27,38,51
20111217,14,27,30,47,49,52
20111218,21,28,31,47,50,51
20111221,17,30,42,43,48,52
20111224,03,07,08,19,46,51
20111225,02,07,19,29,30,41
20111227,11,17,38,47,49,55
20111228,21,23,37,44,50,51
20111231,14,23,27,30,36,39
20120101,06,12,16,17,30,50
20120104,01,15,21,28,39,43
20120107,02,18,22,34,42,43
20120108,05,12,19,22,47,48
20120111,02,20,23,26,40,43
20120114,09,33,37,39,48,50
20120115,21,27,43,51,52,53
20120117,15,21,43,45,47,49
20120118,14,17,18,32,38,39
20120121,05,16,21,23,41,49
20120122,03,07,23,46,48,52
20120124,08,09,33,35,36,42
20120125,03,21,25,32,36,42
20120128,27,44,45,47,49,55
20120129,04,20,24,27,35,52
20120131,02,06,09,33,41,43
20120201,11,29,36,40,43,51
20120204,02,07,15,19,30,38
20120205,10,14,19,40,41,51
20120208,04,35,36,39,42,55
20120211,11,18,21,24,25,40
20120212,12,37,38,41,46,49
20120214,02,11,30,36,42,52
20120215,06,26,28,32,36,42
20120218,09,22,25,33,40,49
20120219,08,25,36,49,51,52
20120222,14,16,25,28,37,41
20120225,11,14,25,30,34,49
20120226,18,30,35,42,44,50
20120228,01,13,26,32,39,45
20120229,16,18,26,31,46,55
20120303,04,15,16,22,36,43
20120304,04,15,28,36,43,50
20120307,02,09,22,27,32,33
20120310,05,08,28,31,32,47
20120311,06,17,25,32,35,52
20120314,10,12,31,36,50,51
20120317,01,02,04,17,21,53
20120318,03,11,13,20,44,55
20120320,02,09,11,39,53,54
20120321,09,11,17,22,23,27
20120324,01,10,15,29,32,44
20120325,09,11,26,28,36,45
20120328,08,11,27,45,53,55
20120331,01,28,39,41,50,51
20120401,01,16,22,34,39,48
20120403,02,05,11,23,39,43
20120404,05,11,28,34,40,50
20120407,11,17,24,34,46,50
20120408,11,12,21,28,38,41
20120411,09,14,17,22,40,52
20120414,13,18,31,36,45,50
20120415,01,04,05,17,35,55
20120417,10,18,22,25,37,51
20120418,16,18,36,43,49,50
20120421,09,15,18,34,36,41
20120422,10,18,27,33,40,50
20120425,08,12,27,39,49,54
20120428,09,19,20,27,37,42
20120429,02,06,16,27,39,53
20120502,07,22,32,44,50,53
20120505,04,23,26,38,44,48
20120506,02,08,09,30,32,49
20120508,09,10,32,33,53,55
20120509,01,05,11,24,28,50
20120512,01,12,24,31,34,36
20120513,05,10,19,20,24,49
20120516,12,16,19,24,35,39
20120519,06,16,17,26,32,36
20120520,05,17,23,24,44,50
20120523,16,27,38,43,54,55
20120526,04,19,28,50,52,55
20120527,12,22,26,36,40,55
20120529,01,22,23,37,44,53
20120530,10,14,20,46,49,51
20120602,04,09,11,13,20,36
20120603,11,21,22,27,30,36
20120606,04,07,14,20,30,45
20120609,05,18,23,27,31,51
20120610,04,11,33,38,41,55
20120613,06,09,16,17,35,47
20120616,15,18,33,38,51,53
20120617,11,17,24,31,36,53
20120620,01,08,15,18,33,44
20120623,01,15,21,33,48,55
20120624,04,16,38,41,42,49
20120626,01,15,16,20,29,39
20120627,03,07,20,33,35,37
20120630,13,14,31,41,45,55
20120701,20,21,24,32,43,46
20120703,12,23,28,41,52,53
20120704,08,21,24,40,44,49
20120707,01,33,44,46,49,52
20120708,19,26,27,30,31,33
20120711,03,04,06,20,26,36
20120714,04,07,17,27,29,40
20120715,02,08,09,13,32,43
20120717,09,33,38,43,46,53
20120718,15,37,43,45,46,48
20120721,16,22,36,50,51,52
20120722,03,06,14,28,29,37
20120725,17,18,21,49,50,54
20120728,06,08,12,30,52,53
20120729,05,14,17,20,35,48
20120801,08,13,26,29,46,55
20120804,02,03,34,36,44,49
20120805,03,06,14,40,47,53
20120808,08,22,26,52,54,55
20120811,13,14,21,29,30,50
20120812,17,21,23,27,37,45
20120815,18,21,22,36,37,38
20120818,11,14,30,35,36,53
20120819,20,25,27,28,33,48
20120822,03,09,13,15,23,34
20120825,05,19,29,36,47,54
20120826,01,28,32,35,45,48
20120828,09,17,28,37,44,45
20120829,18,21,28,44,50,55
20120901,10,14,16,19,22,53
20120902,11,12,26,33,37,51
20120904,03,05,11,14,36,49
20120905,01,06,15,26,30,47
20120908,04,17,26,41,50,51
20120909,05,09,25,46,49,55
20120912,03,22,39,42,45,53
20120915,11,12,19,22,28,39
20120916,08,11,14,22,30,49
20120918,03,06,27,35,42,44
20120919,10,12,14,20,26,53
20120922,17,20,21,28,30,46
20120923,01,04,05,30,33,40
20120926,02,04,14,26,49,51
20120929,02,08,16,22,32,46
20120930,03,24,30,46,48,51
20121002,27,29,33,35,41,49
20121003,18,27,29,37,41,46
20121006,01,16,20,30,31,50
20121007,33,35,39,44,47,52
20121010,06,14,34,41,46,48
20121013,05,33,34,36,41,47
20121014,04,11,18,21,37,40
20121017,01,05,12,19,30,53
20121020,01,10,15,17,21,49
20121021,07,11,39,41,45,52
20121024,04,06,19,21,29,48
20121027,11,13,22,48,51,55
20121028,02,13,14,25,31,32
20121030,09,11,21,22,32,49
20121031,20,27,31,42,43,50
20121103,01,14,16,18,23,39
20121104,06,13,18,38,39,43
20121107,15,17,18,25,35,54
20121110,12,17,30,33,36,48
20121111,02,12,19,35,49,50
20121113,14,20,28,30,37,50
20121114,20,25,28,33,35,41
20121117,11,14,18,37,40,41
20121118,19,21,22,23,36,42
20121121,05,18,41,48,52,54
20121124,10,16,20,39,45,52
20121125,05,19,24,30,35,53
20121127,14,32,33,38,43,55
20121128,14,21,27,33,36,43
20121201,07,15,20,22,29,36
20121202,05,09,18,22,38,54
20121204,11,13,14,34,37,42
20121205,11,13,16,42,46,53
20121208,01,05,16,26,27,45
20121209,05,11,14,28,34,42
20121212,05,22,23,39,41,47
20121215,25,29,37,48,50,54
20121216,09,37,42,44,47,48
20121218,21,23,28,34,38,50
20121219,09,10,18,35,39,48
20121222,06,10,21,34,50,53
20121223,02,04,28,42,51,52
20121226,08,09,14,38,44,45
20121229,01,18,22,31,38,50
20121230,06,33,37,38,39,51
20130102,14,27,31,33,47,54
20130105,03,22,31,34,42,45
20130106,01,03,28,30,50,54
20130108,02,10,38,39,53,55
20130109,04,10,35,36,43,46
20130112,02,07,15,36,50,53
20130113,08,24,30,53,54,55
20130116,10,11,34,41,45,47
20130119,09,13,33,36,39,43
20130120,01,21,23,32,35,43
20130122,20,34,44,47,52,55
20130123,06,08,14,20,43,50
20130126,15,16,18,19,32,44
20130127,04,21,34,38,44,54
20130130,07,19,22,32,37,44
20130202,06,15,22,42,46,50
20130203,17,21,27,34,37,47
20130205,13,27,33,34,35,47
20130206,06,16,22,42,44,46
20130209,07,10,20,37,38,53
20130210,01,05,10,45,50,55
20130212,03,10,20,24,25,38
20130213,01,02,31,36,43,49
20130216,09,12,21,25,30,35
20130217,05,17,19,24,26,43
20130219,09,22,26,32,33,50
20130220,12,22,26,31,38,45
20130223,09,26,29,41,48,55
20130224,13,18,22,28,33,51
20130227,01,02,09,27,41,43
20130302,01,06,12,13,19,39
20130303,14,30,31,39,48,54
20130305,01,06,08,13,19,51
20130306,02,13,17,18,24,33
20130309,13,23,27,29,32,40
20130310,01,03,09,38,46,48
20130313,07,11,26,33,37,47
20130316,08,12,19,38,50,55
20130317,03,15,16,29,30,35
20130320,04,10,14,19,32,33
20130323,03,21,22,23,37,44
20130324,19,30,34,36,46,51
20130326,09,15,20,35,40,41
20130327,03,05,29,34,40,53
20130330,07,14,20,33,37,45
20130331,06,15,23,35,40,47
20130402,12,35,39,42,43,50
20130403,01,04,07,16,19,32
20130406,12,23,27,32,54,55
20130407,07,20,25,37,42,45
20130410,07,21,31,32,34,44
20130413,28,33,37,46,47,54
20130414,11,24,31,43,44,48
20130417,10,35,37,38,50,52
20130420,02,08,24,35,36,44
20130421,03,05,12,21,40,45
20130424,03,05,15,25,32,36
20130427,11,30,31,47,48,49
20130428,02,27,31,44,48,51
20130430,02,12,33,39,50,55
20130501,07,13,27,46,54,55
20130504,17,22,37,38,44,55
20130505,01,06,12,42,43,47
20130507,01,18,22,23,27,42
20130508,03,14,21,41,48,54
20130511,08,09,19,28,43,46
20130512,04,05,20,47,48,51
20130515,04,09,25,34,35,44
20130518,04,08,16,47,49,52
20130519,30,35,41,47,50,51
20130522,13,17,30,44,47,51
20130525,02,16,32,46,52,54
20130526,05,09,26,32,49,53
20130528,06,08,21,31,32,45
20130529,05,11,19,23,38,40
20130601,15,42,45,46,51,54
20130602,08,10,15,20,35,54
20130605,06,20,22,25,39,43
20130608,06,11,20,26,37,47
20130609,06,13,22,26,43,53
20130612,01,33,38,48,49,54
20130615,23,28,29,30,31,37
20130616,04,08,10,17,24,52
20130619,01,06,07,26,42,55
20130622,03,10,17,27,38,42
20130623,09,22,33,34,47,49
20130625,01,18,20,28,38,45
20130626,05,07,11,16,19,20
20130629,02,04,14,23,30,36
20130630,03,15,26,48,50,54
20130702,02,19,29,32,35,39
20130703,03,11,19,27,39,48
20130706,05,15,35,36,37,42
20130707,04,06,10,24,40,55
20130710,05,22,29,43,44,47
20130713,11,20,39,41,42,43
20130714,02,08,17,24,44,49
20130717,06,15,17,31,43,46
20130720,06,07,13,21,30,34
20130721,10,19,24,28,51,53
20130724,12,15,33,46,47,55
20130727,12,24,25,33,45,51
20130728,02,14,15,19,47,50
20130731,05,15,16,18,21,32
20130803,24,28,35,36,42,43
20130804,22,25,34,35,37,46
20130807,05,09,10,12,32,35
20130810,11,16,19,25,26,46
20130811,09,22,23,30,35,37
20130813,04,15,17,24,40,54
20130814,02,14,22,31,34,39
20130817,07,15,23,33,41,49
20130818,05,09,12,16,50,51
20130821,04,19,22,25,33,46
20130824,01,24,36,48,52,53
20130825,06,15,22,32,39,49
20130827,12,19,29,46,52,53
20130828,06,29,34,35,37,54
20130831,09,23,26,29,40,46
20130901,04,05,14,15,39,53
20130903,07,27,33,47,48,52
20130904,07,13,17,19,35,49
20130907,09,20,31,39,40,43
20130908,09,10,36,38,41,51
20130911,15,16,24,33,34,35
20130914,04,08,09,21,29,35
20130915,03,10,14,34,39,49
20130918,06,07,11,24,49,50
20130921,06,08,11,18,23,49
20130922,18,22,45,46,50,55
20130925,06,20,38,45,46,49
20130928,06,11,44,47,48,49
20130929,05,21,27,35,46,49
20131001,03,06,25,30,35,50
20131002,03,34,35,43,49,52
20131005,02,35,37,38,41,50
20131006,24,39,45,46,47,55
20131009,22,28,30,33,34,41
20131012,01,04,10,17,46,53
20131013,14,24,29,32,37,45
20131016,05,10,20,27,34,54
20131019,12,21,36,37,54,55
20131020,07,10,23,25,35,50
20131023,02,03,15,17,29,45
20131026,01,12,25,38,47,50
20131027,13,22,23,43,49,54
20131029,10,29,40,44,45,50
20131030,03,07,15,31,38,42
20131102,06,10,14,18,38,54
20131103,31,41,45,46,49,52
20131105,01,16,23,32,33,46
20131106,04,12,17,21,27,41
20131109,02,11,33,35,48,50
20131110,16,23,45,46,49,55
20131113,14,18,40,47,50,51
20131116,03,04,16,17,18,21
20131117,19,26,32,33,39,47
20131120,04,05,12,33,38,39
20131123,05,07,10,23,37,55
20131124,12,30,40,49,51,55
20131126,05,07,20,32,36,52
20131127,01,04,14,15,27,53
20131130,04,10,16,40,48,50
20131201,10,26,32,39,45,55
20131203,12,21,29,30,35,47
20131204,03,04,22,25,47,54
20131207,06,13,28,31,32,33
20131208,02,05,08,09,17,37
20131211,15,17,31,45,46,54
20131214,16,17,28,39,47,54
20131215,02,06,12,22,39,55
20131218,16,38,39,40,46,48
20131221,05,11,20,45,46,47
20131222,03,15,16,20,23,47
20131225,07,15,21,39,43,48
20131228,15,26,40,41,46,54
20131229,06,07,13,21,32,40
20131231,13,20,22,24,43,48
20140101,06,13,21,22,42,53
20140104,11,21,24,29,31,37
20140105,08,23,32,35,38,46
20140107,01,03,08,17,20,44
20140108,27,35,36,39,43,48
20140111,03,14,19,26,35,48
20140112,08,25,29,36,38,39
20140115,03,07,25,33,50,53
20140118,27,33,40,42,51,55
20140119,12,15,29,31,42,51
20140122,17,19,21,25,37,47
20140125,16,17,25,28,50,54
20140126,03,13,18,20,40,55
20140128,12,30,32,34,42,49
20140129,10,22,28,33,37,48
20140201,04,06,32,42,49,51
20140202,09,18,21,23,36,44
20140204,14,17,24,34,41,54
20140205,19,20,42,44,51,53
20140208,08,14,17,23,37,48
20140209,18,19,25,28,31,55
20140211,04,07,16,28,33,41
20140212,07,18,27,31,52,54
20140215,04,12,16,30,38,50
20140216,04,23,31,38,51,55
20140219,03,07,12,21,46,51
20140222,17,22,26,33,36,40
20140223,04,15,22,45,48,55
20140225,02,03,27,39,43,45
20140226,23,33,36,40,42,52
20140301,06,16,23,41,53,54
20140302,05,12,14,20,30,45
20140304,02,05,20,21,47,54
20140305,06,21,22,29,33,39
20140308,15,16,25,35,46,51
20140309,03,04,35,38,45,53
20140312,01,09,14,18,43,47
20140315,03,06,09,14,41,45
20140316,06,13,25,31,39,40
20140319,06,10,14,29,45,47
20140322,05,06,22,26,45,46
20140323,03,08,10,26,31,48
20140325,14,17,41,45,46,53
20140326,04,05,08,21,37,46
20140329,02,05,17,20,29,41
20140330,04,15,21,26,54,55
20140402,03,14,16,17,21,41
20140405,03,05,10,30,42,55
20140406,01,05,07,09,31,54
20140408,01,05,11,23,33,50
20140409,19,26,27,43,46,49
20140412,25,29,34,39,41,51
20140413,01,03,06,12,33,44
20140416,15,29,33,34,46,55
20140419,07,09,11,12,23,52
20140420,07,09,16,32,45,48
20140423,10,18,20,29,40,41
20140426,17,19,30,34,43,50
20140427,08,21,25,40,42,43
20140429,05,06,15,16,23,26
20140430,03,19,31,37,39,55
20140503,12,15,18,25,44,48
20140504,17,18,37,43,53,55
20140506,04,18,27,28,29,30
20140507,05,12,29,39,40,55
20140510,14,19,21,27,48,55
20140511,06,18,23,32,49,52
20140514,01,09,14,20,46,48
20140517,01,02,05,24,30,38
20140518,01,02,14,22,24,49
20140521,07,13,14,23,36,40
20140524,13,16,29,31,49,52
20140525,10,28,30,35,38,50
20140528,08,16,17,28,35,54
20140531,01,24,26,44,50,55
20140601,22,28,31,33,41,45
20140603,17,18,33,39,45,52
20140604,08,10,15,23,24,26
20140607,03,10,13,26,37,38
20140608,07,13,16,45,50,54
20140611,19,25,44,47,52,55
20140614,09,13,14,17,21,35
20140615,13,14,29,37,48,49
20140618,07,12,17,39,47,54
20140621,09,10,29,38,53,55
20140622,05,16,23,25,35,52
20140624,13,30,34,35,42,53
20140625,02,14,22,24,25,42
20140628,01,04,13,21,24,31
20140629,23,26,35,44,51,55
20140702,08,21,27,42,46,54
20140705,02,23,24,33,42,54
20140706,10,15,30,42,52,53
20140709,11,13,23,32,42,47
20140712,14,30,32,42,51,52
20140713,07,16,17,23,33,36
20140716,19,20,21,22,24,32
20140719,06,08,14,15,39,52
20140720,02,03,06,13,39,49
20140723,11,26,33,36,41,48
20140726,01,03,07,17,33,47
20140727,29,31,40,41,47,52
20140730,04,15,25,30,32,54
20140802,07,22,30,33,43,46
20140803,05,08,10,27,30,38
20140805,02,08,16,18,22,39
20140806,04,05,09,10,36,41
20140809,03,05,16,28,33,36
20140810,16,25,29,36,46,53
20140813,02,12,17,24,47,49
20140816,36,39,40,42,44,47
20140817,02,06,08,11,21,44
20140820,02,09,11,13,27,42
20140823,11,13,25,38,44,55
20140824,14,16,26,27,37,51
20140826,01,13,16,18,21,51
20140827,10,15,20,27,29,55
20140830,13,17,19,38,39,55
20140831,11,28,34,39,47,53
20140902,03,29,30,32,35,55
20140903,16,34,35,40,46,54
20140906,01,17,41,44,50,52
20140907,25,26,29,31,34,36
20140910,01,12,32,41,46,51
20140913,10,24,34,37,47,51
20140914,03,04,27,36,45,50
20140917,16,27,31,41,48,54
20140920,02,10,35,47,50,51
20140921,09,13,17,22,28,47
20140924,05,12,31,40,49,52
20140927,07,09,31,35,47,51
20140928,01,15,16,20,42,47
20140930,14,28,36,51,52,55
20141001,02,03,26,31,33,54
20141004,01,08,09,23,25,55
20141005,02,12,16,19,22,31
20141007,01,19,32,35,36,37
20141008,02,14,23,28,29,30
20141011,04,07,34,45,52,53
20141012,14,20,31,34,46,53
20141015,09,11,34,40,44,48
20141018,14,17,32,37,43,48
20141019,11,19,21,22,24,50
20141022,01,07,24,30,44,53
20141025,02,28,32,38,50,55
20141026,22,28,29,44,51,52
20141028,01,09,20,22,31,45
20141029,05,06,09,27,37,45
20141101,03,18,39,40,42,46
20141102,07,29,33,42,49,53
20141104,08,09,13,35,43,55
20141105,09,10,14,18,26,53
20141108,12,24,27,37,44,53
20141109,17,27,34,36,41,47
20141112,03,06,29,35,36,50
20141115,01,09,14,38,49,52
20141116,10,29,32,33,50,55
20141119,02,10,12,18,19,39
20141122,02,08,25,26,30,32
20141123,08,13,21,27,28,48
20141125,01,08,10,20,42,50
20141126,06,16,26,33,34,36
20141129,07,12,19,39,46,48
20141130,14,21,28,29,31,55
20141202,20,22,38,43,50,52
20141203,17,21,28,35,41,54
20141206,03,28,30,35,42,45
20141207,14,30,33,37,41,44
20141210,23,27,37,41,46,51
20141213,28,36,44,45,51,54
20141214,08,09,12,38,46,55
20141217,18,32,33,40,44,54
20141220,03,19,44,45,51,55
20141221,17,19,25,28,49,53
20141224,02,13,20,42,49,53
20141227,11,27,34,39,48,53
20141228,05,08,20,21,25,39
20141230,05,14,15,21,25,29
20141231,01,05,10,17,31,46
20150103,04,17,34,35,36,39
20150104,03,05,24,26,39,46
20150106,02,39,40,46,53,54
20150107,09,10,19,27,32,45
20150110,04,12,25,26,48,53
20150111,01,15,24,27,28,49
20150114,12,29,33,36,42,53
20150117,02,11,15,16,22,23
20150118,03,08,16,30,48,54
20150121,09,21,22,26,47,52
20150124,02,07,16,25,39,43
20150125,05,11,32,35,43,48
20150127,15,17,23,39,41,49
20150128,02,07,12,32,33,52
20150131,09,15,16,25,32,51
20150201,14,19,30,32,46,53
20150203,06,12,20,31,39,45
20150204,18,25,29,38,42,55
20150207,02,36,37,40,49,50
20150208,18,31,43,46,51,54
20150211,04,09,10,16,20,49
20150214,08,17,40,42,44,55
20150215,06,11,19,22,24,46
20150217,07,24,33,34,41,50
20150218,06,12,31,34,36,39
20150221,03,07,10,12,22,39
20150222,02,18,22,31,41,44
20150224,07,11,14,26,39,50
20150225,19,22,34,35,36,53
20150228,02,22,38,44,48,51
20150301,05,08,27,33,39,50
20150303,01,13,19,39,40,44
20150304,12,14,20,29,46,52
20150307,02,07,10,14,15,52
20150308,04,16,33,37,44,52
20150311,04,12,38,40,45,47
20150314,01,08,17,21,28,53
20150315,28,30,33,36,44,47
20150318,05,22,39,42,52,55
20150321,14,30,38,42,44,53
20150322,01,24,27,39,45,52
20150325,08,11,22,25,28,50
20150328,05,12,33,44,46,53
20150329,10,11,13,31,43,50
20150331,03,14,19,26,28,55
20150401,13,27,28,29,36,44
20150404,03,16,22,25,37,51
20150405,12,13,25,27,33,39
20150407,05,08,23,29,45,53
20150408,17,22,24,26,33,55
20150411,02,08,12,20,23,51
20150412,05,07,14,24,29,54
20150415,01,10,22,24,27,52
20150418,02,10,17,22,38,41
20150419,01,03,16,18,46,50
20150422,08,28,42,44,49,54
20150425,03,18,25,30,41,52
20150426,08,14,18,37,45,51
20150428,06,10,20,24,29,54
20150429,01,29,39,40,47,48
20150502,03,24,31,34,54,55
20150503,11,14,20,23,49,50
20150505,12,21,30,43,44,52
20150506,14,16,27,37,40,48
20150509,11,18,24,30,37,51
20150510,09,18,30,32,45,48
20150513,06,09,15,18,29,33
20150516,06,14,37,44,50,52
20150517,08,24,32,35,43,50
20150520,09,10,17,21,29,54
20150523,01,11,20,23,25,44
20150524,19,23,26,40,42,50
20150526,12,17,30,39,51,55
20150527,02,03,15,16,24,44
20150530,07,16,38,46,51,53
20150531,01,08,10,16,24,28
20150602,15,28,35,36,37,38
20150603,08,09,11,19,53,54
20150606,06,14,26,42,50,55
20150607,22,28,29,32,44,50
20150610,02,28,35,37,47,51
20150613,02,12,34,39,51,53
20150614,13,20,25,37,49,52
20150617,11,30,32,47,53,54
20150620,15,18,36,41,47,53
20150621,09,20,27,40,41,44
20150624,09,10,37,45,53,54
20150627,09,36,39,41,43,52
20150628,05,24,42,51,54,55
20150701,01,02,16,32,47,53
20150704,15,21,22,44,45,53
20150705,01,27,29,32,46,51
20150708,02,04,23,27,28,36
20150711,04,35,37,47,52,55
20150712,17,29,32,37,42,48
20150715,02,15,23,28,31,33
20150718,15,20,21,28,35,42
20150719,11,15,25,28,34,38
20150722,01,18,24,27,36,38
20150725,05,24,27,34,47,49
20150726,07,34,38,41,46,55
20150728,13,15,21,29,53,54
20150729,01,06,11,17,28,32
20150801,27,32,34,37,41,42
20150802,17,22,25,33,39,42
20150804,19,24,25,29,42,44
20150805,12,25,34,37,43,54
20150808,07,10,11,18,43,47
20150809,22,28,40,42,45,49
20150812,13,19,24,30,46,47
20150815,03,06,09,14,16,45
20150816,02,07,10,12,26,31
20150819,13,21,32,33,49,53
20150822,05,08,20,36,47,55
20150823,24,27,33,42,46,50
20150826,25,26,27,28,31,50
20150829,05,09,15,28,36,39
20150830,04,16,21,28,42,45
20150901,03,17,23,34,42,45
20150902,08,11,14,37,42,54
20150905,10,13,20,21,22,33
20150906,21,36,37,40,52,53
20150909,08,10,19,35,39,49
20150912,04,11,12,23,41,44
20150913,05,12,13,21,27,42
20150916,05,32,33,39,40,41
20150919,19,23,25,36,41,48
20150920,09,18,32,45,54,55
20150923,07,15,24,25,35,43
20150926,08,09,16,20,29,40
20150927,12,18,20,33,38,39
20150929,08,09,14,30,46,55
20150930,01,02,27,36,41,52
20151003,07,14,21,32,37,43
20151004,01,31,32,33,40,41
20151006,09,29,43,46,52,55
20151007,13,22,42,51,52,54
20151010,18,23,24,26,29,33
20151011,06,13,26,35,40,43
20151014,10,30,37,38,42,46
20151017,03,11,15,41,44,50
20151018,03,07,20,21,39,44
20151021,01,21,25,30,38,44
20151024,01,17,28,34,48,49
20151025,09,18,20,26,33,49
20151027,23,26,28,44,50,52
20151028,01,19,34,36,42,54
20151031,02,19,27,37,40,52
20151101,02,09,24,35,37,42
20151103,13,19,31,41,46,48
20151104,12,20,22,24,39,47
20151107,06,21,36,39,51,54
20151108,09,10,27,28,35,45
20151111,10,17,27,31,35,51
20151114,04,09,18,29,40,51
20151115,08,16,20,25,30,52
20151118,07,15,17,31,33,50
20151121,04,06,12,13,32,40
20151122,02,09,10,18,30,44
20151124,05,17,18,32,33,44
20151125,01,03,05,24,40,45
20151128,02,10,19,22,49,54
20151129,04,08,15,20,23,45
20151201,01,20,22,23,26,33
20151202,06,07,15,22,53,54
20151205,02,20,25,28,35,46
20151206,11,23,36,39,47,53
20151209,01,12,15,23,39,49
20151212,29,30,31,43,48,55
20151213,01,14,25,28,47,48
20151216,09,11,43,44,46,47
20151219,07,09,14,22,27,37
20151220,20,27,30,34,50,55
20151223,17,37,38,47,48,52
20151226,07,14,21,31,42,49
20151227,09,30,35,36,51,55
20151229,01,13,24,27,38,40
20151230,11,15,18,33,39,49
20160102,19,32,41,42,45,50
20160103,04,06,11,24,46,55
20160105,13,16,17,20,36,53
20160106,08,12,14,30,35,48
20160109,02,03,20,44,47,53
20160110,07,13,27,32,35,38
20160113,17,25,28,30,37,46
20160116,09,27,43,46,49,52
20160117,04,30,32,38,39,49
20160120,04,08,19,25,35,46
20160123,05,06,11,13,18,55
20160124,13,21,36,40,42,51
20160126,04,05,06,33,34,49
20160127,04,07,09,10,24,55
20160130,04,05,19,48,49,53
20160131,09,11,24,26,38,43
20160203,02,21,26,30,44,50
20160206,02,19,26,31,33,45
20160207,03,19,25,34,40,44
20160209,07,23,30,34,40,44
20160210,14,20,26,31,37,47
20160213,06,23,24,39,47,52
20160214,18,29,31,41,54,55
20160216,10,20,31,35,52,54
20160217,12,15,18,36,40,53
20160220,28,38,40,44,47,55
20160221,12,16,21,32,46,53
20160223,06,14,16,42,48,54
20160224,05,20,22,24,38,51
20160227,06,11,17,24,31,49
20160228,29,36,42,47,50,52
20160301,22,28,34,38,46,51
20160302,05,09,23,27,37,50
20160305,08,11,13,33,34,55
20160306,10,11,21,34,43,51
20160309,03,26,34,43,45,46
20160312,17,19,40,44,45,55
20160313,18,30,34,39,47,53
20160316,05,08,16,20,26,54
20160319,12,13,17,39,42,50
20160320,03,12,32,47,49,52
20160323,09,24,38,39,45,50
20160326,02,09,15,23,29,34
20160327,04,11,17,41,47,49
20160329,03,21,22,24,27,47
20160330,02,09,28,33,34,35
20160402,03,08,15,23,37,52
20160403,17,20,28,30,48,51
20160405,01,10,15,16,43,53
20160406,21,23,28,29,36,39
20160409,17,24,25,39,41,54
20160410,12,22,27,42,46,47
20160413,01,22,25,33,45,55
20160416,10,20,23,29,40,45
20160417,18,25,37,42,54,55
20160420,21,23,24,47,50,52
20160423,07,24,26,44,53,55
20160424,04,17,20,43,45,55
20160426,03,13,25,42,50,54
20160427,04,06,08,12,27,45
20160430,02,13,21,29,30,38
20160501,16,27,29,34,40,53
20160503,04,14,21,26,31,42
20160504,14,21,30,32,34,38
20160507,08,16,33,40,48,55
20160508,05,13,16,18,30,42
20160511,06,11,13,38,47,48
20160514,04,07,14,44,46,52
20160515,13,24,25,38,45,49
20160518,09,10,15,18,43,45
20160521,02,07,17,27,49,53
20160522,10,12,16,18,31,41
20160525,25,39,49,51,54,55
20160528,07,14,26,33,50,55
20160529,19,24,30,32,38,45
20160531,03,15,28,44,45,52
20160601,01,24,26,29,45,48
20160604,03,07,09,16,22,35
20160605,06,11,12,17,19,24
20160608,09,15,17,34,42,46
20160611,06,28,29,31,32,34
20160612,05,15,19,31,34,55
20160615,06,11,16,28,32,50
20160618,09,16,24,42,49,50
20160619,09,10,23,29,46,55
20160622,11,37,48,51,52,53
20160625,03,13,14,30,50,51
20160626,16,21,24,42,44,52
20160629,01,02,03,45,51,53
20160702,07,20,22,23,37,45
20160703,16,22,34,36,46,47
20160706,06,12,24,30,45,53
20160709,01,09,15,26,27,49
20160710,02,06,16,26,29,49
20160712,10,14,21,29,44,47
20160713,02,05,26,37,48,50
20160716,04,14,16,30,39,43
20160717,04,09,15,28,41,55
20160720,01,26,30,43,50,54
20160723,02,03,19,20,29,45
20160724,02,08,27,32,46,49
20160727,12,13,15,29,39,42
20160730,01,10,13,22,37,44
20160731,08,18,24,36,37,55
20160803,03,06,07,08,15,46
20160806,02,03,09,34,44,52
20160807,06,15,16,37,41,51
20160809,03,12,27,29,42,55
20160810,07,13,25,28,32,42
20160813,11,13,14,25,29,38
20160814,01,08,16,27,42,55
20160817,07,11,26,41,46,52
20160820,11,19,20,33,49,54
20160821,21,40,41,42,43,53
20160824,12,31,41,45,51,53
20160827,11,14,19,28,33,38
20160828,14,18,21,29,33,35
20160830,30,36,42,44,45,52
20160831,01,19,20,43,47,50
20160903,01,20,36,48,49,50
20160904,07,16,29,32,38,43
20160906,03,04,26,31,32,49
20160907,02,18,22,24,28,35
20160910,02,19,28,37,46,48
20160911,11,19,21,22,23,43
20160914,03,10,14,21,34,55
20160917,11,12,18,20,27,30
20160918,13,16,18,22,37,54
20160921,01,27,29,31,41,50
20160924,10,11,35,36,54,55
20160925,13,17,30,35,37,45
20160927,17,28,31,42,53,55
20160928,03,13,23,28,40,51
20161001,30,31,37,38,53,54
20161002,01,04,06,26,28,39
20161004,18,20,33,51,52,53
20161005,03,11,13,14,38,41
20161008,14,15,16,25,44,53
20161009,09,16,25,28,38,55
20161012,01,04,08,11,18,26
20161015,04,17,31,36,44,51
20161016,05,09,11,30,31,40
20161019,01,03,05,07,36,46
20161022,09,10,11,19,24,28
20161023,01,21,23,24,50,55
20161025,10,16,18,29,44,53
20161026,04,07,17,24,29,54
20161029,10,15,16,28,34,48
20161030,01,20,24,42,50,52
20161101,02,13,23,31,44,48
20161102,10,14,31,32,36,42
20161105,15,17,24,41,42,46
20161106,05,16,17,38,48,49
20161109,04,22,24,33,34,36
20161112,06,10,17,33,37,52
20161113,05,12,20,46,50,55
20161116,01,06,07,13,34,54
20161119,05,12,23,41,54,55
20161120,06,10,27,32,37,47
20161123,18,19,24,33,41,53
20161126,08,12,13,28,37,47
20161127,05,10,12,20,43,47
20161129,08,12,19,32,39,51
20161130,06,09,22,30,41,47
20161203,07,18,27,31,44,54
20161204,03,12,36,42,43,46
20161206,15,23,28,32,50,51
20161207,03,22,24,30,45,53
20161210,18,26,29,30,44,52
20161211,02,19,27,33,49,50
20161214,18,19,34,36,40,48
20161217,06,08,19,20,37,53
20161218,09,10,12,20,44,54
20161221,05,10,28,35,44,49
20161224,03,17,23,24,42,55
20161225,03,42,43,50,52,54
20161227,05,17,31,33,35,54
20161228,14,15,30,40,47,55
20161231,11,23,27,28,36,50
20170101,04,08,09,44,46,50
20170103,02,03,26,30,31,46
20170104,01,11,45,47,48,55
20170107,15,17,27,42,54,55
20170108,17,19,20,32,33,53
20170111,12,16,17,18,33,44
20170114,04,12,18,48,49,54
20170115,08,09,19,30,37,44
20170117,09,24,26,43,45,50
20170118,06,17,24,25,27,53
20170121,15,30,41,45,52,55
20170122,12,17,27,32,46,47
20170124,02,05,06,25,48,50
20170125,01,03,08,11,21,45
20170128,04,13,18,31,50,55
20170129,16,25,27,30,37,44
20170131,01,18,29,33,42,46
20170201,05,09,19,30,35,37
20170204,10,25,34,39,44,47
20170205,01,12,23,24,44,52
20170207,03,07,21,25,38,51
20170208,04,12,14,15,42,54
20170211,08,12,19,20,41,42
20170212,10,13,20,24,33,43
20170215,18,36,39,48,49,53
20170218,10,23,33,46,50,55
20170219,03,22,25,26,27,36
20170222,04,30,38,46,49,51
20170225,10,12,16,18,34,54
20170226,02,06,15,22,38,40
20170228,12,21,30,39,42,51
20170301,01,10,11,21,29,40
20170304,15,22,30,35,41,51
20170305,02,05,14,35,45,47
20170308,03,16,23,24,28,50
20170311,01,12,19,21,30,49
20170312,01,10,22,29,37,45
20170315,05,13,27,31,34,48
20170318,08,20,31,37,41,54
20170319,01,22,28,30,33,42
20170322,01,04,14,24,32,52
20170325,03,14,25,29,49,53
20170326,07,12,21,25,37,42
20170328,01,04,36,48,52,53
20170329,04,07,11,16,20,41
20170401,22,24,31,36,39,48
20170402,05,22,28,39,48,51
20170404,04,07,15,24,42,46
20170405,15,37,39,48,52,53
20170408,04,06,31,42,46,47
20170409,04,12,26,29,48,55
20170412,04,14,26,32,38,46
20170415,14,19,24,30,32,51
20170416,08,14,17,19,20,45
20170419,05,15,19,27,37,54
20170422,08,14,34,35,36,51
20170423,19,22,38,44,48,51
20170425,12,14,16,21,39,52
20170426,01,08,14,21,28,43
20170429,01,17,21,37,41,49
20170430,11,30,37,41,44,46
20170502,20,29,40,43,45,52
20170503,01,26,29,34,36,41
20170506,14,32,37,40,50,55
20170507,17,19,23,40,43,45
20170510,04,06,08,18,24,54
20170513,15,17,21,24,51,52
20170514,07,11,19,24,32,39
20170517,07,08,19,25,40,42
20170520,02,09,19,20,24,31
20170521,10,22,24,32,54,55
20170524,03,06,11,16,29,45
20170527,12,18,38,40,49,50
20170528,04,09,20,25,26,51
20170531,03,07,14,32,36,39
20170603,01,03,15,24,29,47
20170604,04,23,31,33,38,44
20170607,27,44,47,50,51,54
20170610,10,14,27,38,40,46
20170611,02,04,08,17,30,51
20170614,10,21,26,28,38,46
20170617,03,20,25,38,39,50
20170618,05,12,14,25,49,50
20170621,14,25,36,41,48,50
20170624,21,39,40,44,49,50
20170625,02,08,09,30,51,54
20170628,11,13,26,29,48,49
20170701,06,26,27,36,43,45
20170702,09,12,27,33,41,43
20170704,07,23,25,32,35,52
20170705,03,15,22,29,30,35
20170708,02,03,08,17,26,28
20170709,06,07,13,23,29,52
20170712,13,18,30,35,39,52
20170715,01,04,11,14,16,48
20170716,08,12,17,21,27,49
20170719,06,11,13,30,53,55
20170722,03,10,45,47,48,51
20170723,04,16,21,25,51,55
20170725,05,11,17,21,29,46
20170726,19,34,40,43,45,51
20170729,04,11,21,28,39,53
20170730,07,15,16,21,33,47
20170801,06,10,24,28,40,52
20170802,05,09,13,22,49,52
20170805,14,24,28,33,38,42
20170806,06,16,23,27,40,42
20170809,07,11,18,27,29,40
20170812,07,12,33,43,44,52
20170813,01,03,38,40,42,44
20170816,13,14,25,26,43,48
20170819,21,25,29,41,46,50
20170820,17,23,27,30,49,54
20170823,08,16,18,19,32,37
20170826,06,42,45,46,49,50
20170827,22,26,33,35,38,50
20170829,01,06,19,20,33,40
20170830,05,06,14,33,44,48
20170902,07,13,26,31,33,38
20170903,03,11,23,35,38,51
20170905,05,12,37,46,47,48
20170906,14,18,23,32,40,45
20170909,26,30,33,36,40,46
20170910,05,13,27,34,51,53
20170913,01,09,41,42,49,54
20170916,19,28,31,33,41,43
20170917,02,09,28,35,36,50
20170920,07,13,16,21,28,54
20170923,26,27,31,40,42,48
20170924,04,23,26,27,34,52
20170926,18,21,28,36,47,54
20170927,04,09,14,18,36,48
20170930,04,08,23,35,38,51
20171001,17,18,27,29,31,43
20171003,01,02,17,25,34,41
20171004,13,15,17,37,45,47
20171007,07,09,12,15,18,45
20171008,04,05,06,20,42,46
20171011,08,24,39,48,53,55
20171014,18,20,25,30,41,47
20171015,07,08,14,25,34,50
20171018,11,14,28,32,38,54
20171021,10,11,27,30,41,42
20171022,11,14,26,28,38,55
20171025,14,31,35,48,49,53
20171028,12,20,31,32,41,43
20171029,17,26,29,41,43,55
20171031,08,25,26,29,36,41
20171101,04,09,20,23,24,48
20171104,01,02,06,09,18,23
20171105,04,09,12,15,33,41
20171107,12,20,31,47,49,55
20171108,07,20,30,37,49,55
20171111,01,02,03,05,42,47
20171112,12,19,20,40,42,47
20171115,02,19,21,34,46,52
20171118,04,10,21,22,25,38
20171119,10,15,19,21,34,36
20171122,04,23,30,34,40,48
20171125,08,13,17,33,42,49
20171126,40,43,51,52,53,54
20171128,04,05,06,12,29,35
20171129,03,10,36,43,53,55
20171202,07,35,43,45,54,55
20171203,07,15,16,38,49,54
20171205,03,09,24,26,42,46
20171206,02,34,43,45,49,54
20171209,17,23,34,46,50,52
20171210,16,30,34,51,52,53
20171213,06,14,26,32,52,54
20171216,03,20,35,41,47,50
20171217,06,09,13,25,46,49
20171220,24,35,36,45,46,55
20171223,03,23,24,25,35,39
20171224,03,14,18,25,48,54
20171226,01,02,10,39,47,53
20171227,05,19,24,26,37,55
20171230,04,06,28,35,49,50
20171231,03,07,15,30,41,50
20180103,07,14,26,33,36,41
20180106,01,20,24,32,34,41
20180107,02,08,24,35,44,47
20180110,07,25,30,33,36,42
20180113,03,16,23,33,50,55
20180114,10,22,27,32,35,50
20180116,01,03,06,12,27,35
20180117,03,34,36,48,52,53
20180120,12,13,25,35,54,55
20180121,06,08,15,17,37,53
20180124,16,25,36,40,42,50
20180127,01,17,21,25,35,44
20180128,02,07,26,29,38,51
20180130,11,14,28,48,54,55
20180131,01,09,25,31,33,45
20180203,01,04,13,20,32,49
20180204,07,26,29,41,45,53
20180206,05,15,31,36,37,42
20180207,02,07,16,17,29,48
20180210,16,27,38,39,42,43
20180211,04,26,43,44,45,50
20180213,15,24,27,30,35,47
20180214,07,14,25,40,41,52
20180217,18,31,36,41,54,55
20180218,15,28,36,46,53,55
20180220,12,22,24,51,52,54
20180221,01,06,18,24,49,51
20180224,19,20,22,30,42,54
20180225,08,18,26,38,46,55
20180227,15,23,38,45,46,55
20180228,03,07,11,20,41,44
20180303,14,27,46,48,49,55
20180304,05,10,12,39,47,48
20180306,08,13,26,29,31,50
20180307,09,12,23,29,32,34
20180310,07,09,34,37,38,46
20180311,10,23,25,37,45,55
20180314,15,19,25,27,54,55
20180317,04,08,13,17,35,47
20180318,04,09,11,22,35,48
20180321,12,22,28,35,41,54
20180324,04,07,19,27,41,49
20180325,04,21,28,37,47,53
20180328,02,04,22,36,40,50
20180331,27,32,34,37,40,44
20180401,19,31,33,43,46,48
20180403,11,12,34,36,49,53
20180404,07,20,21,26,28,36
20180407,10,11,31,36,40,45
20180408,03,17,39,45,52,55
20180411,01,13,17,22,40,42
20180414,07,13,14,20,42,54
20180415,03,05,12,35,38,45
20180418,03,06,19,33,36,50
20180421,05,07,13,21,34,54
20180422,03,14,31,35,44,50
20180425,05,11,15,21,29,52
20180428,03,11,14,15,16,47
20180429,04,05,15,19,28,44
20180501,02,07,18,19,23,54
20180502,03,13,25,35,37,50
20180505,29,30,33,44,49,51
20180506,10,16,22,47,50,53
20180509,14,17,27,29,30,44
20180512,02,05,09,11,26,49
20180513,22,26,47,48,51,55
20180516,02,16,19,21,37,45
20180519,06,36,38,49,51,52
20180520,03,15,19,23,39,45
20180523,18,20,21,31,33,54
20180526,14,17,18,24,43,44
20180527,13,17,22,30,34,46
20180530,05,13,25,36,39,48
20180602,02,06,21,30,31,44
20180603,01,13,14,24,34,35
20180606,03,07,37,41,44,52
20180609,05,22,26,30,39,46
20180610,01,17,18,40,44,47
20180613,04,21,24,27,46,55
20180616,01,31,34,38,47,49
20180617,01,10,22,24,31,47
20180620,05,07,14,39,42,52
20180623,05,12,22,23,29,52
20180624,13,17,18,30,53,54
20180626,01,24,25,40,43,44
20180627,09,10,12,17,29,52
20180630,05,12,16,30,35,50
20180701,01,06,10,18,25,34
20180703,11,21,22,30,31,48
20180704,02,03,15,45,46,50
20180707,19,23,24,25,27,35
20180708,11,18,20,32,43,54
20180711,13,16,17,19,42,48
20180714,06,19,23,39,53,54
20180715,01,12,19,21,22,24
20180718,03,06,14,28,44,45
20180721,08,16,41,44,52,53
20180722,05,14,18,34,43,52
20180725,11,17,26,35,38,47
20180728,28,31,35,41,44,53
20180729,06,12,38,44,49,55
20180731,05,27,33,41,45,47
20180801,02,11,14,39,43,51
20180804,04,24,26,28,47,49
20180805,03,08,09,19,34,44
20180807,05,11,12,15,52,54
20180808,10,30,35,41,49,53
20180811,03,05,17,23,31,53
20180812,07,13,14,18,37,50
20180815,10,23,35,42,43,53
20180818,15,18,31,38,42,53
20180819,15,25,44,48,49,55
20180822,11,13,34,38,39,42
20180825,11,17,26,39,47,50
20180826,07,11,20,24,48,54
20180828,17,23,28,31,47,49
20180829,08,28,31,34,43,54
20180901,38,40,42,45,50,52
20180902,01,03,07,13,31,37
20180904,02,09,20,50,51,54
20180905,03,05,41,49,50,54
20180908,01,10,40,43,47,48
20180909,01,20,34,41,49,50
20180912,20,27,34,35,45,50
20180915,08,17,24,28,30,43
20180916,06,10,24,28,49,54
20180919,20,26,33,39,50,53
20180922,07,16,25,39,44,47
20180923,02,11,14,29,38,54
20180925,03,10,21,26,43,50
20180926,04,05,17,20,49,55
20180929,12,15,27,43,48,55
20180930,01,10,15,16,25,34
20181002,04,16,19,35,37,53
20181003,04,23,32,45,48,53
20181006,06,16,17,28,47,48
20181007,01,06,25,26,39,44
20181010,02,20,43,46,47,54
20181013,11,28,42,47,50,52
20181014,03,20,22,34,35,45
20181017,10,16,20,25,26,30
20181020,06,08,18,19,30,50
20181021,04,22,25,38,45,50
20181024,11,12,18,37,48,54
20181027,07,09,20,32,40,46
20181028,18,30,32,35,37,49
20181030,19,24,27,37,45,55
20181031,07,11,13,15,21,32
20181103,08,12,17,21,37,38
20181104,04,08,14,22,37,49
20181106,10,21,26,38,45,49
20181107,07,24,27,30,37,43
20181110,01,06,10,12,52,54
20181111,01,16,24,30,33,39
20181114,03,05,13,14,22,45
20181117,06,28,31,33,34,44
20181118,04,05,10,27,32,34
20181121,10,25,28,34,47,55
20181124,06,10,12,17,38,55
20181125,02,08,19,22,42,52
20181127,02,17,28,32,49,53
20181128,14,22,25,41,45,52
20181201,01,28,34,46,52,53
20181202,07,08,20,25,30,52
20181204,04,07,28,29,33,42
20181205,10,12,18,35,37,46
20181208,02,07,20,25,50,54
20181209,14,17,21,37,44,55
20181212,21,23,31,39,54,55
20181215,03,09,14,15,34,42
20181216,03,06,09,29,33,37
20181219,01,03,05,15,16,53
20181222,10,18,25,32,34,48
20181223,26,28,32,47,54,55
20181225,20,28,38,46,47,55
20181226,08,09,11,18,26,45
20181229,17,19,21,37,44,48
20181230,06,11,12,33,42,50
20190102,20,22,25,39,50,51
20190105,07,25,44,49,52,55
20190106,11,12,14,15,35,52
20190109,04,10,17,18,35,54
20190112,02,05,19,21,48,49
20190113,02,07,22,43,50,54
20190116,06,09,15,23,28,51
20190119,23,25,43,44,45,49
20190120,07,13,18,21,31,47
20190123,16,24,28,34,38,42
20190126,01,15,19,24,42,44
20190127,15,26,47,48,53,55
20190129,01,11,18,24,25,30
20190130,01,16,21,27,42,54
20190202,03,23,26,32,43,49
20190203,01,08,29,32,33,35
20190205,01,04,05,31,49,52
20190206,02,04,07,12,40,55
20190209,08,18,22,28,40,55
20190210,09,17,20,27,45,46
20190213,04,20,34,40,45,48
20190216,06,24,25,28,31,50
20190217,23,26,35,39,51,53
20190219,06,15,17,29,43,45
20190220,07,11,26,36,39,55
20190223,07,16,33,35,45,48
20190224,05,07,11,28,31,48
20190227,13,14,19,27,40,52
20190302,02,10,12,37,45,47
20190303,08,20,39,44,46,51
20190306,10,13,25,29,41,51
20190309,01,04,06,07,48,55
20190310,15,23,27,29,31,46
20190313,06,14,20,35,38,52
20190316,26,30,50,52,54,55
20190317,02,13,28,46,48,51
20190320,04,09,16,38,43,49
20190323,01,24,30,36,40,52
20190324,04,14,15,32,41,44
20190327,04,09,22,23,25,35
20190330,21,28,36,43,52,55
20190331,11,13,30,34,36,41
20190402,05,18,43,44,52,54
20190403,02,09,31,32,33,34
20190406,04,08,17,18,31,39
20190407,11,15,16,26,36,37
20190410,06,13,29,39,44,55
20190413,11,18,21,45,46,47
20190414,17,22,26,37,46,54
20190417,06,08,38,45,49,52
20190420,15,16,23,27,42,43
20190421,19,21,22,23,43,45
20190424,04,21,23,25,43,51
20190427,06,09,13,40,42,54
20190428,04,09,17,28,39,43
20190501,10,17,27,43,45,52
20190504,19,22,37,39,43,55
20190505,04,11,36,39,45,51
20190508,13,17,19,29,37,54
20190511,28,29,36,37,40,51
20190512,10,12,36,39,51,53
20190515,12,23,27,29,37,52
20190518,03,06,29,33,53,55
20190519,02,05,11,30,45,54
20190522,15,18,25,30,50,53
20190525,01,05,22,29,34,54
20190526,11,14,21,40,50,53
20190529,17,18,27,35,42,52
20190601,08,12,20,28,32,53
20190602,10,13,16,22,23,44
20190605,11,18,30,39,45,46
20190608,02,14,16,36,43,50
20190609,09,16,21,25,33,44
20190612,07,11,24,35,41,42
20190615,07,09,34,38,46,49
20190616,02,06,11,23,37,38
20190618,06,23,31,33,42,47
20190619,01,11,21,25,51,54
20190622,06,07,12,13,34,51
20190623,11,12,15,20,30,39
20190626,07,09,10,12,39,42
20190629,08,13,34,43,45,55
20190630,12,14,21,36,43,48
20190703,12,26,35,39,45,46
20190706,09,16,20,24,50,51
20190707,08,34,37,50,53,54
20190710,01,05,23,26,37,44
20190713,21,33,39,44,50,52
20190714,07,18,23,35,53,54
20190717,28,36,38,42,49,55
20190720,01,13,15,32,39,45
20190721,05,23,40,43,45,49
20190724,08,10,44,45,46,55
20190727,08,15,24,35,38,51
20190728,07,14,32,37,40,41
20190730,05,09,24,42,45,48
20190731,06,12,26,39,48,55
20190803,03,08,22,50,52,53
20190804,01,08,25,39,49,51
20190807,04,29,32,44,45,52
20190810,03,05,09,36,44,55
20190811,23,27,31,41,47,50
20190814,15,25,34,40,44,47
20190817,12,27,28,41,53,55
20190818,08,16,26,27,42,49
20190820,23,34,41,43,51,54
20190821,15,23,25,37,50,54
20190824,04,23,34,39,45,49
20190825,03,09,28,34,40,45
20190828,05,22,26,36,45,53
20190831,01,03,04,16,48,54
20190901,13,17,23,29,41,46
20190904,20,36,38,47,48,53
20190907,04,05,12,19,24,43
20190908,05,07,10,20,49,52
20190910,09,13,18,21,26,42
20190911,12,23,31,34,44,53
20190914,15,16,17,20,25,44
20190915,17,21,22,36,46,47
20190918,04,19,36,38,40,47
20190921,05,07,10,21,22,23
20190922,15,29,36,37,47,48
20190925,02,09,11,18,25,30
20190928,04,13,14,15,40,45
20190929,03,11,27,38,45,51
20191001,05,14,17,21,27,39
20191002,01,07,08,30,41,49
20191005,23,35,36,41,44,53
20191006,02,06,17,29,30,46
20191009,04,19,26,39,45,49
20191012,01,21,40,41,43,55
20191013,02,16,29,40,42,52
20191016,14,23,24,31,37,51
20191019,03,21,22,23,31,37
20191020,26,27,31,37,46,51
20191023,06,23,33,36,37,52
20191026,11,19,22,28,31,42
20191027,06,18,19,29,37,54
20191030,01,03,17,25,46,47
20191102,01,04,08,13,15,53
20191103,04,16,23,26,38,54
20191105,05,12,18,28,33,46
20191106,12,16,17,18,42,45
20191109,22,34,38,40,48,54
20191110,11,13,18,36,43,55
20191113,26,36,38,41,43,48
20191116,16,21,32,45,48,54
20191117,05,07,25,32,33,46
20191120,07,13,16,21,26,30
20191123,07,14,16,28,35,52
20191124,02,14,18,37,41,51
20191127,06,12,13,14,20,37
20191130,06,25,38,41,43,50
20191201,22,31,33,39,42,53
20191203,07,15,19,27,37,53
20191204,16,22,24,27,31,45
20191207,01,04,09,11,33,34
20191208,12,32,38,39,44,50
20191211,02,03,05,21,46,50
20191214,13,22,25,36,47,52
20191215,02,16,20,39,40,53
20191218,03,31,38,50,51,54
20191221,19,24,26,33,43,47
20191222,26,27,34,40,48,50
20191225,01,02,14,25,30,44
20191228,06,17,22,40,51,53
20191229,15,20,25,31,42,55
20200101,01,03,06,09,15,43
20200104,03,04,25,30,32,42
20200105,05,18,28,34,38,44
20200108,17,18,30,32,37,51
20200111,10,11,16,25,47,49
20200112,05,06,09,16,29,44
20200115,07,15,19,28,47,55
20200118,04,20,24,26,27,37
20200119,12,20,43,47,50,52
20200121,05,09,18,27,40,55
20200122,06,18,21,36,43,52
20200125,06,08,18,20,34,38
20200126,17,20,24,34,49,50
20200128,10,11,15,43,47,53
20200129,02,14,27,29,45,55
20200201,01,09,13,16,24,54
20200202,11,16,18,25,39,54
20200204,05,10,14,27,41,47
20200205,09,12,19,22,28,45
20200208,01,06,30,36,42,45
20200209,01,18,22,23,28,53
20200212,01,03,11,36,39,44
20200215,10,16,33,40,49,53
20200216,05,18,25,34,48,53
20200219,23,29,32,36,38,48
20200222,11,24,28,32,48,49
20200223,05,08,19,29,45,50
20200226,06,11,16,24,37,43
20200229,06,07,15,31,40,46
20200301,06,16,28,30,37,40
20200304,24,28,34,36,41,46
20200307,18,21,35,42,43,50
20200308,21,23,26,28,38,55
20200311,05,27,38,49,51,54
20200314,20,26,34,43,47,51
20200315,07,26,31,41,43,53
20200617,03,32,40,43,51,53
20200620,14,15,29,36,45,52
20200621,04,28,29,31,36,39
20200624,03,08,09,12,46,47
20200627,01,10,15,21,30,34
20200628,05,13,14,33,50,54
20200701,08,12,14,21,23,29
20200704,08,09,10,27,29,34
20200705,03,21,24,25,37,50
20200707,07,09,32,40,44,48
20200708,11,22,29,33,47,53
20200711,16,24,31,34,41,44
20200712,21,23,29,32,42,52
20200715,04,06,14,19,30,53
20200718,04,13,15,17,27,47
20200719,22,23,36,41,50,54
20200722,03,05,28,30,41,48
20200725,11,13,20,25,33,34
20200726,15,16,26,27,28,33
20200729,11,19,34,49,54,55
20200801,19,27,34,35,39,54
20200802,03,19,29,41,47,51
20200805,14,25,31,40,49,52
20200808,05,23,24,30,39,51
20200809,01,21,22,27,28,50
20200812,16,21,31,34,39,50
20200815,07,09,34,43,51,55
20200816,09,13,31,40,41,47
20200819,03,04,35,41,45,50
20200822,05,29,33,42,47,53
20200823,03,05,15,32,51,55
20200826,01,12,21,30,43,46
20200829,03,05,13,21,23,35
20200830,04,15,23,26,36,39
20200901,06,24,31,45,51,55
20200902,09,12,33,38,40,42
20200905,04,08,20,33,38,53
20200906,06,14,24,27,44,48
20200909,23,29,35,42,45,48
20200912,01,11,14,15,18,44
20200913,02,05,10,16,30,40
20200916,24,30,36,37,44,53
20200919,05,10,24,28,38,43
20200920,02,31,35,43,44,45
20200923,05,09,20,32,36,44
20200926,02,20,36,44,45,53
20200927,02,06,23,41,48,52
20200930,02,17,23,24,51,52
20201003,07,08,09,15,27,41
20201004,19,24,35,43,52,55
20201007,03,25,32,35,47,52
20201010,16,19,28,41,43,46
20201011,29,32,33,38,42,45
20201013,22,34,41,47,49,55
20201014,08,09,14,25,29,52
20201017,08,14,15,18,30,48
20201018,05,09,11,21,51,54
20201021,11,14,20,22,38,50
20201024,05,23,27,32,46,55
20201025,17,32,33,39,45,51
20201028,06,07,14,15,17,23
20201031,10,18,20,27,37,43
20201101,23,27,30,38,40,54
20201103,02,06,18,19,21,45
20201104,10,14,15,22,23,44
20201107,02,03,25,34,42,51
20201108,11,14,27,28,30,49
20201111,06,28,37,41,46,55
20201114,03,05,06,20,27,30
20201115,08,09,24,39,50,55
20201118,02,03,13,27,32,48
20201121,07,12,15,24,46,48
20201122,03,05,07,08,25,30
20201125,02,11,17,35,37,38
20201128,09,16,20,24,27,54
20201129,11,24,31,50,54,55
20201201,01,03,14,49,51,55
20201202,07,25,27,28,31,45
20201205,13,20,30,41,53,54
20201206,09,18,25,41,47,52
20201209,01,05,08,27,30,54
20201212,07,15,18,21,30,47
20201213,03,15,20,40,45,53
20201216,25,31,34,39,49,53
20201219,14,15,17,29,38,50
20201220,05,12,20,26,30,33
20201223,02,06,11,27,35,52
20201226,06,11,30,35,36,39
20201227,11,13,23,24,46,54
20201230,03,09,17,22,48,55
20210102,06,15,17,42,43,53
20210103,04,09,19,25,36,40
20210106,07,15,23,34,36,52
20210109,09,16,19,34,40,53
20210110,03,08,17,20,32,47
20210113,01,04,23,37,38,46
20210116,05,25,41,46,48,53
20210117,13,15,31,36,37,39
20210120,06,13,25,29,33,42
20210123,04,19,28,33,38,47
20210124,07,10,12,19,22,31
20210126,09,16,22,40,42,49
20210127,20,21,22,30,42,48
20210130,12,21,22,43,48,55
20210131,07,15,22,30,31,53
20210202,07,18,24,30,40,44
20210203,06,11,20,29,40,54
20210206,05,11,26,43,48,51
20210207,18,19,23,28,45,55
20210209,04,11,23,46,47,52
20210210,17,27,35,46,48,54
20210213,16,28,41,42,46,51
20210214,14,31,44,46,53,55
20210216,02,22,28,39,42,52
20210217,08,13,22,37,42,48
20210220,03,09,21,38,50,51
20210221,05,10,32,36,41,52
20210224,01,07,12,14,20,42
20210227,04,05,14,32,41,53
20210228,01,20,32,34,42,45
20210302,11,14,35,37,49,50
20210303,01,07,15,20,37,54
20210306,07,11,26,35,44,45
20210307,12,21,23,37,45,49
20210310,06,15,17,40,42,45
20210313,13,15,34,41,47,50
20210314,05,10,15,24,29,35
20210317,09,10,28,31,36,49
20210320,09,21,22,47,50,52
20210321,04,18,19,35,45,49
20210324,02,03,09,16,33,53
20210327,03,20,31,41,47,48
20210328,15,27,28,30,33,36
20210330,05,15,21,34,47,52
20210331,04,05,12,14,16,17
20210403,01,17,19,20,25,36
20210404,02,13,14,19,53,55
20210406,05,13,15,23,28,40
20210407,16,32,38,43,46,53
20210410,05,16,30,39,46,55
20210411,06,20,33,34,36,53
20210414,14,15,20,27,43,54
20210417,16,18,39,50,51,55
20210418,05,06,14,16,37,48
20210421,07,18,22,24,37,48
20210424,03,22,27,42,44,55
20210425,04,06,10,16,23,45
20210428,03,05,28,33,37,40
20210501,01,20,25,36,43,48
20210502,12,15,21,23,44,50
20210505,02,12,27,41,48,54
20210508,30,31,45,49,53,55
20210509,03,15,21,41,51,52
20210512,04,18,27,32,38,43
20210515,01,06,41,48,50,52
20210516,03,13,23,29,49,51
20210519,13,15,19,21,31,52
20210522,07,18,21,31,33,37
20210523,14,20,28,34,39,44
20210525,02,08,19,20,27,41
20210526,01,19,29,32,34,44
20210529,03,05,07,28,30,53
20210530,11,27,35,49,50,53
20210915,01,15,17,18,19,28
20210918,10,13,17,34,47,51
20210919,07,08,09,15,33,50
20210922,09,16,23,24,25,28
20210925,05,30,36,45,52,54
20210926,03,08,19,31,45,47
20210928,03,06,13,19,23,36
20210929,04,17,18,42,46,54
20211002,20,31,37,44,50,51
20211003,09,12,14,23,36,42
20211005,08,22,43,44,49,51
20211006,09,22,25,39,40,53
20211009,24,26,35,42,51,54
20211010,01,21,25,32,35,51
20211013,23,28,39,44,50,51
20211016,09,20,29,36,53,54
20211017,05,07,13,25,38,46
20211020,27,28,29,31,37,44
20211023,09,15,17,20,22,36
20211024,15,19,25,39,44,54
20211026,03,11,23,40,45,53
20211027,02,03,05,19,32,53
20211030,04,06,12,32,37,51
20211031,06,08,36,39,43,46
20211102,07,22,37,40,41,48
20211103,01,02,14,29,32,52
20211106,02,03,06,33,34,43
20211107,04,24,35,45,46,47
20211110,03,07,08,26,46,52
20211113,04,12,26,27,31,42
20211114,09,17,24,27,33,52
20211117,05,08,27,30,31,32
20211120,14,15,20,33,35,53
20211121,20,21,25,38,40,47
20211124,07,19,31,33,45,47
20211127,04,24,26,28,43,47
20211128,18,21,25,26,30,39
20211130,04,06,25,34,38,50
20211201,02,03,08,27,29,43
20211204,20,32,36,44,52,53
20211205,10,14,19,33,49,54
20211207,31,32,33,39,40,45
20211208,25,34,35,37,44,48
20211211,17,31,33,36,42,53
20211212,01,18,22,23,48,55
20211215,25,27,28,38,41,47
20211218,16,21,27,30,33,45
20211219,09,12,15,22,39,49
20211222,23,24,30,33,43,44
20211225,07,13,36,46,47,50
20211226,08,16,27,38,46,49
20211228,02,09,11,17,32,39
20211229,01,13,30,34,37,50
20220101,11,13,14,23,44,55
20220102,12,14,16,32,33,45
20220105,08,16,24,28,39,54
20220108,08,09,15,24,27,39
20220109,07,15,22,38,48,55
20220112,03,07,13,33,40,48
20220115,01,11,19,24,42,43
20220116,02,04,12,25,54,55
20220119,07,11,18,32,36,55
20220122,10,15,23,33,35,40
20220123,02,04,05,13,36,49
20220125,02,17,38,41,43,46
20220126,18,29,35,41,47,49
20220129,07,11,18,37,39,40
20220130,02,03,25,26,40,47
20220202,06,24,31,36,45,52
20220205,13,15,49,51,52,54
20220206,01,06,08,36,37,44
20220208,16,18,28,36,47,50
20220209,05,11,15,19,23,32
20220212,03,05,12,22,27,53
20220213,12,13,34,43,45,55
20220215,01,18,25,35,44,55
20220216,16,34,35,37,38,48
20220219,03,10,18,39,46,54
20220220,12,21,27,43,49,53
20220223,29,36,45,48,49,52
20220226,01,03,04,06,39,51
20220227,04,06,12,16,28,46
20220302,03,10,24,25,52,53
20220305,18,24,26,38,40,54
20220306,02,18,21,22,31,51
20220309,08,21,26,28,32,44
20220312,02,24,25,30,38,55
20220313,04,26,36,39,43,49
20220316,01,11,32,35,36,47
20220319,01,05,09,16,18,25
20220320,03,32,38,47,49,51
20220323,25,28,42,43,44,55
20220326,22,34,35,41,50,51
20220327,23,25,37,42,46,49
20220329,01,25,28,35,47,54
20220330,10,18,34,39,41,42
20220402,02,17,30,39,51,53
20220403,05,07,25,29,35,46
20220406,09,19,23,34,46,55
20220409,20,28,33,40,41,42
20220410,09,11,13,36,42,43
20220413,01,32,34,40,43,49
20220416,02,05,32,34,41,49
20220417,02,07,10,16,37,45
20220420,17,27,33,37,42,55
20220423,03,14,19,21,29,33
20220424,03,05,13,31,33,46
20220427,06,08,13,16,33,48
20220430,08,09,11,23,25,44
20220501,08,10,12,17,21,28
20220504,14,17,21,23,43,48
20220507,14,17,25,30,31,47
20220508,09,20,26,27,37,42
20220511,10,13,19,27,31,53
20220514,08,15,27,28,31,41
20220515,01,02,20,26,39,50
20220518,06,13,18,31,35,36
20220521,05,07,11,26,43,54
20220522,13,16,27,28,41,52
20220525,29,38,40,45,49,52
20220528,10,28,42,46,48,52
20220529,04,14,22,46,52,53
20220531,03,19,20,22,38,43
20220601,11,14,33,37,44,55
20220604,03,05,16,32,42,48
20220605,06,14,23,28,42,53
20220608,03,05,08,31,42,53
20220611,01,10,20,27,35,44
20220612,10,14,18,23,39,54
20220614,03,22,31,35,39,42
20220615,04,20,26,27,45,53
20220618,06,18,39,44,45,46
20220619,02,15,31,32,46,53
20220622,02,08,16,26,45,51
20220625,01,04,09,20,32,34
20220626,08,33,38,48,50,51
20220628,19,30,39,43,46,52
20220629,01,12,22,32,37,53
20220702,05,27,31,41,45,51
20220703,02,05,18,22,48,52
20220706,08,12,24,31,38,44
20220709,12,22,25,37,48,51
20220710,03,12,19,26,37,50
20220713,03,08,23,28,35,51
20220716,23,33,34,38,47,55
20220717,07,10,14,25,43,49
20220719,05,13,24,26,53,55
20220720,05,08,10,51,53,54
20220723,04,11,25,28,33,46
20220724,02,18,23,28,37,45
20220726,10,32,34,37,47,53
20220727,04,24,29,32,37,50
20220730,17,24,30,37,38,45
20220731,02,03,18,25,36,52
20220802,06,08,12,22,29,46
20220803,03,05,22,23,29,35
20220806,01,17,22,23,31,49
20220807,02,15,39,40,42,48
20220809,01,03,07,13,35,43
20220810,05,09,30,36,49,55
20220813,12,15,16,34,35,49
20220814,06,07,16,20,45,50
20220816,06,26,28,35,37,47
20220817,04,20,24,32,41,55
20220820,06,07,09,16,31,42
20220821,32,33,45,50,52,53
20220824,01,02,05,14,26,54
20220827,01,04,22,27,48,51
20220828,18,20,22,27,36,54
20220831,20,24,31,37,40,49
20220903,01,04,07,08,22,29
20220904,04,05,34,38,42,44
20220906,01,11,20,33,37,52
20220907,10,23,30,31,34,43
20220910,04,06,10,17,26,41
20220911,07,13,24,31,36,39
20220914,18,23,27,31,41,46
20220917,06,10,13,16,18,49
20220918,16,23,31,36,37,53
20220921,24,25,27,41,43,44
20220924,08,20,23,42,44,49
20220925,01,15,17,20,41,55
20220927,02,15,19,22,49,53
20220928,37,39,42,46,47,51
20221001,01,06,14,24,29,55
20221002,05,14,18,26,39,46
20221005,14,33,37,42,45,54
20221008,04,17,19,46,47,49
20221009,05,25,31,36,51,54
20221012,17,18,26,34,36,49
20221015,08,11,38,41,48,54
20221016,11,12,17,18,31,47
20221018,17,24,39,40,47,54
20221019,05,08,15,28,30,43
20221022,08,12,23,28,33,54
20221023,20,27,32,40,43,54
20221025,04,09,16,21,34,54
20221026,10,21,36,43,52,55
20221029,02,12,31,36,43,52
20221030,23,24,44,45,50,52
20221102,04,13,14,35,54,55
20221105,08,13,27,35,45,50
20221106,08,14,16,31,39,43
20221109,04,17,32,36,49,51
20221112,01,09,30,41,47,54
20221113,02,10,15,25,29,39
20221115,03,07,14,38,44,47
20221116,03,07,12,22,37,52
20221119,10,14,21,23,26,28
20221120,16,34,38,48,52,54
20221122,18,20,23,31,46,48
20221123,05,08,13,26,41,43
20221126,03,05,16,17,20,53
20221127,01,09,20,21,33,35
20221129,09,13,15,19,27,48
20221130,03,15,16,28,34,37
20221203,05,14,24,31,40,44
20221204,07,12,17,19,26,29
20221206,07,20,24,49,51,54
20221207,09,15,19,32,38,39
20221210,05,07,11,19,23,45
20221211,11,15,20,31,42,44
20221214,16,30,37,43,49,50
20221217,01,18,34,43,47,54
20221218,07,18,23,28,32,52
20221220,14,25,40,45,48,54
20221221,15,21,47,49,51,53
20221224,08,10,17,20,46,55
20221225,02,19,32,50,52,55
20221227,09,24,28,31,37,40
20221228,05,16,19,21,33,39
20221231,06,12,21,28,45,48
20230101,05,09,11,15,31,53
20230104,09,10,24,26,28,31
20230107,13,24,30,33,54,55
20230108,04,08,12,24,33,38
20230111,19,24,31,32,42,53
20230114,03,15,35,36,42,49
20230115,08,17,25,28,44,45
20230118,10,16,21,22,40,45
20230121,10,17,22,25,37,38
20230122,07,14,36,43,44,50
20230124,16,22,35,40,49,51
20230125,02,10,19,24,27,28
20230128,05,10,15,27,33,53
20230129,24,26,33,34,40,53
20230131,03,17,24,35,47,52
20230201,09,20,24,34,45,53
20230204,10,17,22,25,37,49
20230205,21,24,41,47,48,53
20230208,27,33,41,42,43,50
20230211,30,31,38,41,48,52
20230212,16,29,40,41,46,52
20230215,02,19,37,38,43,50
20230218,03,12,38,44,47,52
20230219,13,18,31,35,37,38
20230222,13,29,35,48,53,54
20230225,14,20,25,33,37,50
20230226,03,08,09,15,32,45
20230301,05,14,15,32,36,52
20230304,05,10,21,36,41,43
20230305,06,08,19,29,45,49
20230307,09,13,21,42,49,53
20230308,02,08,24,39,50,54
20230311,13,14,15,24,38,46
20230312,07,13,17,23,41,48
20230315,05,41,47,48,49,53
20230318,05,08,42,46,52,53
20230319,08,11,21,28,45,51
20230322,06,11,21,39,50,52
20230325,08,19,24,49,51,52
